[{"inputs":[{"internalType":"uint256","name":"subscriptionId","type":"uint256"},{"internalType":"address","name":"_token","type":"address"}],"stateMutability":"nonpayable","type":"constructor"},{"inputs":[{"internalType":"address","name":"have","type":"address"},{"internalType":"address","name":"want","type":"address"}],"name":"OnlyCoordinatorCanFulfill","type":"error"},{"inputs":[{"internalType":"address","name":"have","type":"address"},{"internalType":"address","name":"owner","type":"address"},{"internalType":"address","name":"coordinator","type":"address"}],"name":"OnlyOwnerOrCoordinator","type":"error"},{"inputs":[],"name":"ZeroAddress","type":"error"},{"anonymous":false,"inputs":[{"indexed":false,"internalType":"address","name":"vrfCoordinator","type":"address"}],"name":"CoordinatorSet","type":"event"},{"anonymous":false,"inputs":[{"indexed":false,"internalType":"uint256","name":"amount","type":"uint256"}],"name":"FeeWithdrawn","type":"event"},{"anonymous":false,"inputs":[{"indexed":false,"internalType":"uint256","name":"newFee","type":"uint256"}],"name":"HouseFeeUpdated","type":"event"},{"anonymous":false,"inputs":[{"indexed":true,"internalType":"address","name":"from","type":"address"},{"indexed":true,"internalType":"address","name":"to","type":"address"}],"name":"OwnershipTransferRequested","type":"event"},{"anonymous":false,"inputs":[{"indexed":true,"internalType":"address","name":"from","type":"address"},{"indexed":true,"internalType":"address","name":"to","type":"address"}],"name":"OwnershipTransferred","type":"event"},{"anonymous":false,"inputs":[{"indexed":true,"internalType":"uint256","name":"slapId","type":"uint256"},{"indexed":true,"internalType":"address","name":"player","type":"address"},{"indexed":true,"internalType":"address","name":"slapped","type":"address"},{"indexed":false,"internalType":"uint256","name":"amount","type":"uint256"},{"indexed":false,"internalType":"bool","name":"won","type":"bool"},{"indexed":false,"internalType":"uint256[]","name":"randomWords","type":"uint256[]"},{"indexed":false,"internalType":"uint256","name":"timestamp","type":"uint256"}],"name":"SlapFulfilled","type":"event"},{"anonymous":false,"inputs":[{"indexed":true,"internalType":"uint256","name":"slapId","type":"uint256"},{"indexed":true,"internalType":"address","name":"player","type":"address"},{"indexed":true,"internalType":"address","name":"slapped","type":"address"},{"indexed":false,"internalType":"uint256","name":"amount","type":"uint256"},{"indexed":false,"internalType":"uint256","name":"timestamp","type":"uint256"}],"name":"SlapSent","type":"event"},{"anonymous":false,"inputs":[{"indexed":false,"internalType":"bytes32","name":"keyHash","type":"bytes32"},{"indexed":false,"internalType":"uint32","name":"callbackGasLimit","type":"uint32"},{"indexed":false,"internalType":"uint16","name":"requestConfirmations","type":"uint16"}],"name":"VRFConfigUpdated","type":"event"},{"inputs":[],"name":"BASIS_POINTS","outputs":[{"internalType":"uint256","name":"","type":"uint256"}],"stateMutability":"view","type":"function"},{"inputs":[],"name":"MAX_HISTORY_LENGTH","outputs":[{"internalType":"uint256","name":"","type":"uint256"}],"stateMutability":"view","type":"function"},{"inputs":[],"name":"acceptOwnership","outputs":[],"stateMutability":"nonpayable","type":"function"},{"inputs":[],"name":"accumulatedFees","outputs":[{"internalType":"uint256","name":"","type":"uint256"}],"stateMutability":"view","type":"function"},{"inputs":[{"internalType":"uint256","name":"amount","type":"uint256"}],"name":"calculateFee","outputs":[{"internalType":"uint256","name":"","type":"uint256"}],"stateMutability":"view","type":"function"},{"inputs":[],"name":"callbackGasLimit","outputs":[{"internalType":"uint32","name":"","type":"uint32"}],"stateMutability":"view","type":"function"},{"inputs":[{"internalType":"uint256","name":"n","type":"uint256"}],"name":"getLeaderboard","outputs":[{"components":[{"internalType":"address","name":"player","type":"address"},{"internalType":"uint256","name":"slapped","type":"uint256"}],"internalType":"struct SlapFlip.LeaderboardEntry[]","name":"","type":"tuple[]"}],"stateMutability":"view","type":"function"},{"inputs":[{"internalType":"uint256","name":"count","type":"uint256"}],"name":"getRecentFulfilledSlaps","outputs":[{"components":[{"internalType":"address","name":"player","type":"address"},{"internalType":"address","name":"slap","type":"address"},{"internalType":"bool","name":"fulfilled","type":"bool"},{"internalType":"bool","name":"exists","type":"bool"},{"internalType":"bool","name":"won","type":"bool"},{"internalType":"enum SlapFlip.TokenType","name":"tokenType","type":"uint8"},{"internalType":"uint256[]","name":"randomWords","type":"uint256[]"},{"internalType":"uint256","name":"amount","type":"uint256"}],"internalType":"struct SlapFlip.SlapStatus[]","name":"","type":"tuple[]"}],"stateMutability":"view","type":"function"},{"inputs":[{"internalType":"uint256","name":"count","type":"uint256"}],"name":"getRecentPendingSlaps","outputs":[{"components":[{"internalType":"address","name":"player","type":"address"},{"internalType":"address","name":"slap","type":"address"},{"internalType":"bool","name":"fulfilled","type":"bool"},{"internalType":"bool","name":"exists","type":"bool"},{"internalType":"bool","name":"won","type":"bool"},{"internalType":"enum SlapFlip.TokenType","name":"tokenType","type":"uint8"},{"internalType":"uint256[]","name":"randomWords","type":"uint256[]"},{"internalType":"uint256","name":"amount","type":"uint256"}],"internalType":"struct SlapFlip.SlapStatus[]","name":"","type":"tuple[]"}],"stateMutability":"view","type":"function"},{"inputs":[{"internalType":"uint256","name":"count","type":"uint256"}],"name":"getRecentSlaps","outputs":[{"components":[{"internalType":"address","name":"player","type":"address"},{"internalType":"address","name":"slap","type":"address"},{"internalType":"bool","name":"fulfilled","type":"bool"},{"internalType":"bool","name":"exists","type":"bool"},{"internalType":"bool","name":"won","type":"bool"},{"internalType":"enum SlapFlip.TokenType","name":"tokenType","type":"uint8"},{"internalType":"uint256[]","name":"randomWords","type":"uint256[]"},{"internalType":"uint256","name":"amount","type":"uint256"}],"internalType":"struct SlapFlip.SlapStatus[]","name":"","type":"tuple[]"}],"stateMutability":"view","type":"function"},{"inputs":[],"name":"getSlapHistoryLength","outputs":[{"internalType":"uint256","name":"","type":"uint256"}],"stateMutability":"view","type":"function"},{"inputs":[{"internalType":"uint256","name":"_slapId","type":"uint256"}],"name":"getSlapStatus","outputs":[{"components":[{"internalType":"address","name":"player","type":"address"},{"internalType":"address","name":"slap","type":"address"},{"internalType":"bool","name":"fulfilled","type":"bool"},{"internalType":"bool","name":"exists","type":"bool"},{"internalType":"bool","name":"won","type":"bool"},{"internalType":"enum SlapFlip.TokenType","name":"tokenType","type":"uint8"},{"internalType":"uint256[]","name":"randomWords","type":"uint256[]"},{"internalType":"uint256","name":"amount","type":"uint256"}],"internalType":"struct SlapFlip.SlapStatus","name":"","type":"tuple"}],"stateMutability":"view","type":"function"},{"inputs":[],"name":"houseFee","outputs":[{"internalType":"uint256","name":"","type":"uint256"}],"stateMutability":"view","type":"function"},{"inputs":[],"name":"keyHash","outputs":[{"internalType":"bytes32","name":"","type":"bytes32"}],"stateMutability":"view","type":"function"},{"inputs":[{"internalType":"uint256","name":"","type":"uint256"}],"name":"leaderboard","outputs":[{"internalType":"address","name":"player","type":"address"},{"internalType":"uint256","name":"slapped","type":"uint256"}],"stateMutability":"view","type":"function"},{"inputs":[],"name":"maxSlap","outputs":[{"internalType":"uint256","name":"max","type":"uint256"}],"stateMutability":"view","type":"function"},{"inputs":[],"name":"maxSlapNative","outputs":[{"internalType":"uint256","name":"max","type":"uint256"}],"stateMutability":"view","type":"function"},{"inputs":[],"name":"owner","outputs":[{"internalType":"address","name":"","type":"address"}],"stateMutability":"view","type":"function"},{"inputs":[{"internalType":"address","name":"","type":"address"}],"name":"players","outputs":[{"internalType":"uint256","name":"slapped","type":"uint256"},{"internalType":"uint256","name":"slaps","type":"uint256"},{"internalType":"uint256","name":"won","type":"uint256"},{"internalType":"uint256","name":"lost","type":"uint256"},{"internalType":"uint256","name":"wagered","type":"uint256"}],"stateMutability":"view","type":"function"},{"inputs":[{"internalType":"uint256","name":"requestId","type":"uint256"},{"internalType":"uint256[]","name":"randomWords","type":"uint256[]"}],"name":"rawFulfillRandomWords","outputs":[],"stateMutability":"nonpayable","type":"function"},{"inputs":[],"name":"requestConfirmations","outputs":[{"internalType":"uint16","name":"","type":"uint16"}],"stateMutability":"view","type":"function"},{"inputs":[],"name":"s_subscriptionId","outputs":[{"internalType":"uint256","name":"","type":"uint256"}],"stateMutability":"view","type":"function"},{"inputs":[],"name":"s_vrfCoordinator","outputs":[{"internalType":"contract IVRFCoordinatorV2Plus","name":"","type":"address"}],"stateMutability":"view","type":"function"},{"inputs":[{"internalType":"address","name":"_vrfCoordinator","type":"address"}],"name":"setCoordinator","outputs":[],"stateMutability":"nonpayable","type":"function"},{"inputs":[{"internalType":"uint256","name":"_newFee","type":"uint256"}],"name":"setHouseFee","outputs":[],"stateMutability":"nonpayable","type":"function"},{"inputs":[{"internalType":"uint256","name":"_subscriptionId","type":"uint256"}],"name":"setSubscriptionId","outputs":[],"stateMutability":"nonpayable","type":"function"},{"inputs":[{"internalType":"uint256","name":"","type":"uint256"}],"name":"slapHistory","outputs":[{"internalType":"address","name":"player","type":"address"},{"internalType":"address","name":"slap","type":"address"},{"internalType":"bool","name":"fulfilled","type":"bool"},{"internalType":"bool","name":"exists","type":"bool"},{"internalType":"bool","name":"won","type":"bool"},{"internalType":"enum SlapFlip.TokenType","name":"tokenType","type":"uint8"},{"internalType":"uint256","name":"amount","type":"uint256"}],"stateMutability":"view","type":"function"},{"inputs":[{"internalType":"uint256","name":"","type":"uint256"}],"name":"slapIds","outputs":[{"internalType":"uint256","name":"","type":"uint256"}],"stateMutability":"view","type":"function"},{"inputs":[{"internalType":"address","name":"toSlap","type":"address"}],"name":"slapWithNative","outputs":[{"internalType":"uint256","name":"slapId","type":"uint256"}],"stateMutability":"payable","type":"function"},{"inputs":[{"internalType":"address","name":"toSlap","type":"address"},{"internalType":"uint256","name":"amount","type":"uint256"}],"name":"slapWithToken","outputs":[{"internalType":"uint256","name":"slapId","type":"uint256"}],"stateMutability":"nonpayable","type":"function"},{"inputs":[{"internalType":"uint256","name":"","type":"uint256"}],"name":"slaps","outputs":[{"internalType":"address","name":"player","type":"address"},{"internalType":"address","name":"slap","type":"address"},{"internalType":"bool","name":"fulfilled","type":"bool"},{"internalType":"bool","name":"exists","type":"bool"},{"internalType":"bool","name":"won","type":"bool"},{"internalType":"enum SlapFlip.TokenType","name":"tokenType","type":"uint8"},{"internalType":"uint256","name":"amount","type":"uint256"}],"stateMutability":"view","type":"function"},{"inputs":[],"name":"token","outputs":[{"internalType":"contract IERC20","name":"","type":"address"}],"stateMutability":"view","type":"function"},{"inputs":[],"name":"totalSlaps","outputs":[{"internalType":"uint256","name":"","type":"uint256"}],"stateMutability":"view","type":"function"},{"inputs":[{"internalType":"address","name":"to","type":"address"}],"name":"transferOwnership","outputs":[],"stateMutability":"nonpayable","type":"function"},{"inputs":[{"internalType":"bytes32","name":"_keyHash","type":"bytes32"},{"internalType":"uint32","name":"_callbackGasLimit","type":"uint32"},{"internalType":"uint16","name":"_requestConfirmations","type":"uint16"}],"name":"updateVRFConfig","outputs":[],"stateMutability":"nonpayable","type":"function"},{"inputs":[],"name":"withdrawFees","outputs":[],"stateMutability":"nonpayable","type":"function"},{"inputs":[],"name":"withdrawNativeFees","outputs":[],"stateMutability":"nonpayable","type":"function"},{"stateMutability":"payable","type":"receive"}]